<?xml version="1.0" encoding="UTF-8"?>
<!DOCTYPE mapper PUBLIC "-//mybatis.org//DTD Mapper 3.0//EN" "http://mybatis.org/dtd/mybatis-3-mapper.dtd">

<mapper namespace="com.dayee.wintalent.websocket.dao.AddressUserDao">
    <sql id="base_table">
        t_address_user
    </sql>

    <sql id="base_column_list">
        f_id, f_name_ch, f_name_en, f_gender, f_company, f_department, f_position
    </sql>

    <resultMap id="baseResultMap" type="com.dayee.wintalent.websocket.entity.AddressUser">
        <id column="f_id" property="uniqueKey" jdbcType="INTEGER"></id>
        <result column="f_name_ch" property="cnName" jdbcType="VARCHAR"></result>
        <result column="f_name_en" property="enName" jdbcType="VARCHAR"></result>
        <result column="f_gender" property="gender" jdbcType="VARCHAR"></result>
        <result column="f_company" property="company" jdbcType="VARCHAR"></result>
        <result column="f_department" property="department" jdbcType="VARCHAR"></result>
        <result column="f_position" property="position" jdbcType="VARCHAR"/>
    </resultMap>

    <select id="selectAddressUserListById" resultMap="baseResultMap">
        select
          <include refid="base_column_list"></include>
        from
          <include refid="base_table"></include>
        where
          f_id in
          <foreach collection="uniqueKeyList" index="index" item="uniqueKey" open="(" separator="," close=")">
              #{uniqueKey}
          </foreach>
    </select>
</mapper>