<?xml version="1.0" encoding="UTF-8"?>
<!DOCTYPE mapper PUBLIC "-//mybatis.org//DTD Mapper 3.0//EN" "http://mybatis.org/dtd/mybatis-3-mapper.dtd">

<mapper namespace="com.dayee.wintalent.websocket.dao.ApplyInfoDao">
    <sql id="base_column_list">
        f_id, f_resume_id, f_post_id
    </sql>

    <sql id="base_table">
        t_apply_info
    </sql>

    <resultMap id="baseResultMap" type="com.dayee.wintalent.websocket.entity.ApplyInfo">
        <id column="f_id" property="uniqueKey" jdbcType="INTEGER"></id>
        <result column="f_resume_id" property="resumeId" jdbcType="INTEGER"></result>
        <result column="f_post_id" property="postId" jdbcType="INTEGER"></result>
    </resultMap>

    <select id="selectApplyInfoById" resultMap="baseResultMap">
        select
          <include refid="base_column_list"></include>
        from
          <include refid="base_table"></include>
        where
          f_id in
          <foreach collection="applyIdList" index="index" item="applyId" open="(" separator="," close=")">
              #{applyId}
          </foreach>
    </select>
</mapper>