<?xml version="1.0" encoding="UTF-8"?>
<!DOCTYPE mapper PUBLIC "-//mybatis.org//DTD Mapper 3.0//EN" "http://mybatis.org/dtd/mybatis-3-mapper.dtd">

<mapper namespace="com.dayee.wintalent.websocket.dao.CalendarDao">
    <sql id="base_table">
        t_corp_personal_calendar
    </sql>

    <sql id="base_id_list">
        f_id
    </sql>

    <sql id="base_column_list">
        f_id, f_type, f_begin_date, f_name, f_content, f_add_user, f_send_email, f_resume_type, f_apply_id, f_resume_id, f_next_remind_date
    </sql>

    <sql id="second_column_list">
        f_id, f_add_user,f_status, f_send_email
    </sql>

    <resultMap id="baseResultMap" type="com.dayee.wintalent.websocket.entity.PersonalCalendar">
        <id column="f_id" property="uniqueKey" jdbcType="INTEGER"></id>
        <result column="f_type" property="type" jdbcType="VARCHAR"></result>
        <result column="f_begin_date" property="beginDate" jdbcType="TIMESTAMP"></result>
        <result column="f_name" property="name" jdbcType="VARCHAR"></result>
        <result column="f_content" property="content" jdbcType="VARCHAR"></result>
        <result column="f_status" property="status" jdbcType="INTEGER"></result>
        <result column="f_add_user" property="addUser" jdbcType="INTEGER"></result>
        <result column="f_send_email" property="sendEmail" jdbcType="INTEGER"></result>
        <result column="f_resume_type" property="resumeType" jdbcType="INTEGER"></result>
        <result column="f_apply_id" property="applyId" jdbcType="INTEGER"></result>
        <result column="f_resume_id" property="resumeId" jdbcType="INTEGER"></result>
        <result column="f_next_remind_date" property="nextRemindDate" jdbcType="TIMESTAMP"></result>
    </resultMap>

    <resultMap id="secondResultMap" type="com.dayee.wintalent.websocket.entity.PersonalCalendar">
        <id column="f_id" property="uniqueKey" jdbcType="INTEGER"></id>
        <result column="f_status" property="status" jdbcType="INTEGER"></result>
        <result column="f_add_user" property="addUser" jdbcType="INTEGER"></result>
        <result column="f_send_email" property="sendEmail" jdbcType="INTEGER"></result>
    </resultMap>

    <select id="selectCalendarByUserId" resultMap="baseResultMap">
        <bind name="pattern" value="'%' + date + '%'" />

        select
          <include refid="base_column_list"></include>
        from
          <include refid="base_table"></include>
        where f_status = 0 and f_add_user = #{userId} and f_begin_date like #{pattern}
    </select>

    <select id="selectCalendarIdListByUserId" resultType="INTEGER">
        <bind name="pattern" value="'%' + date + '%'" />

        select
          <include refid="base_id_list"></include>
        from
          <include refid="base_table"></include>
        where f_status = 0 and f_add_user = #{userId} and f_begin_date like #{pattern}
    </select>

    <select id="selectCalendarList" resultMap="secondResultMap">
        select
          <include refid="second_column_list"></include>
        from
          <include refid="base_table"></include>
        where (f_type = '4' or f_type = '5') and f_status = 0 and (f_begin_date between #{beginDate} and #{endDate} or f_next_remind_date between #{beginDate} and #{endDate})
    </select>
</mapper>