<?xml version="1.0" encoding="UTF-8"?>
<!DOCTYPE mapper PUBLIC "-//mybatis.org//DTD Mapper 3.0//EN" "http://mybatis.org/dtd/mybatis-3-mapper.dtd">

<mapper namespace="com.dayee.wintalent.websocket.dao.CandidatesDao">
    <sql id="base_column_list">
        f_id, f_resume_id, f_name, f_email, f_gender, f_birthday
    </sql>

    <sql id="base_table_ch">
        T_APPLY_PERS_INFO_CH
    </sql>

    <sql id="base_table_en">
        T_APPLY_PERS_INFO_EN
    </sql>

    <resultMap id="baseResultMap" type="com.dayee.wintalent.websocket.entity.CandidatesPersInfo">
        <id column="f_id" property="uniqueKey" jdbcType="INTEGER"></id>
        <result column="f_resume_id" property="resumeId" jdbcType="INTEGER"></result>
        <result column="f_name" property="name" jdbcType="VARCHAR"></result>
        <result column="f_email" property="email" jdbcType="VARCHAR"></result>
        <result column="f_gender" property="gender" jdbcType="VARCHAR"></result>
        <result column="f_birthday" property="birthday" jdbcType="TIMESTAMP"></result>
    </resultMap>

    <select id="selectCandidatesByResumeId" resultMap="baseResultMap">
        select
          <include refid="base_column_list"></include>
        from
          <include refid="base_table_ch"></include>
        where
          f_resume_id in
          <foreach collection="resumeIdList" index="index" item="resumeId" open="(" separator="," close=")">
              #{resumeId}
          </foreach>
    </select>
</mapper>