<?xml version="1.0" encoding="UTF-8"?>
<!DOCTYPE mapper PUBLIC "-//mybatis.org//DTD Mapper 3.0//EN" "http://mybatis.org/dtd/mybatis-3-mapper.dtd">

<mapper namespace="com.dayee.wintalent.websocket.dao.CorpDao">
    <sql id="base_table">
        t_corp_info
    </sql>

    <sql id="base_column_list">
        f_id, f_code, f_register_date, f_abate_date
    </sql>

    <resultMap id="baseResultMap" type="com.dayee.wintalent.websocket.entity.Corp">
        <id column="f_id" property="uniqueKey" jdbcType="INTEGER"></id>
        <result column="f_code" property="code" jdbcType="VARCHAR"></result>
        <result column="f_register_date" property="registerDate" jdbcType="TIMESTAMP"></result>
        <result column="f_abate_date" property="abateDate" jdbcType="TIMESTAMP"></result>
    </resultMap>

    <select id="getCorpList" resultMap="baseResultMap">
        select
          <include refid="base_column_list"></include>
        from
          <include refid="base_table"></include>
        ORDER BY f_id ASC;
    </select>
</mapper>