<?xml version="1.0" encoding="UTF-8"?>
<!DOCTYPE mapper PUBLIC "-//mybatis.org//DTD Mapper 3.0//EN" "http://mybatis.org/dtd/mybatis-3-mapper.dtd">

<mapper namespace="com.dayee.wintalent.websocket.dao.PositionInfoDao">
    <sql id="base_column_list">
        f_id, f_name_ch, f_name_en, f_org_id
    </sql>

    <sql id="base_table">
        t_corp_post_info
    </sql>

    <resultMap id="baseResultMap" type="com.dayee.wintalent.websocket.entity.Position">
        <id column="f_id" property="uniqueKey" jdbcType="INTEGER"></id>
        <result column="f_name_ch" property="cnName" jdbcType="VARCHAR"></result>
        <result column="f_name_en" property="enName" jdbcType="VARCHAR"></result>
        <result column="f_org_id" property="orgId" jdbcType="INTEGER"></result>
    </resultMap>

    <select id="selectPostListById" resultMap="baseResultMap">
        select
          <include refid="base_column_list"></include>
        from
          <include refid="base_table"></include>
        where
          f_id in
          <foreach collection="postIdList" index="index" item="postId" open="(" separator="," close=")">
              #{postId}
          </foreach>
    </select>
</mapper>