<?xml version="1.0" encoding="UTF-8"?>
<!DOCTYPE mapper PUBLIC "-//mybatis.org//DTD Mapper 3.0//EN" "http://mybatis.org/dtd/mybatis-3-mapper.dtd">

<mapper namespace="com.dayee.wintalent.websocket.dao.UserDao">
    <sql id="base_table">
        t_corp_user_info
    </sql>

    <sql id="base_column_list">
        f_id, f_user_name, f_real_name, f_password, f_email, f_status
    </sql>

    <resultMap id="baseResultMap" type="com.dayee.wintalent.websocket.entity.Corp">
        <id column="f_id" property="uniqueKey" jdbcType="INTEGER"></id>
        <result column="f_user_name" property="userName" jdbcType="VARCHAR"></result>
        <result column="f_real_name" property="realName" jdbcType="VARCHAR"></result>
        <result column="f_password" property="password" jdbcType="VARCHAR"></result>
        <result column="f_email" property="email" jdbcType="VARCHAR"></result>
        <result column="f_status" property="status" jdbcType="INTEGER"></result>
    </resultMap>

    <select id="getCorpUserList" resultMap="baseResultMap">
        select
          <include refid="base_column_list"></include>
        from
          <include refid="base_table"></include>
    </select>
</mapper>