<configuration debug="false" scan="true" scanPeriod="30 seconds">
    <!--<include resource="org/springframework/boot/logging/logback/base.xml"/>-->
    <!--<include resource="org/springframework/boot/logging/logback/console-appender.xml"/>-->

    <contextName>es_logback</contextName>

    <property name="maxHistory" value="30"/>
    <property name="maxFileSize" value="10MB"/>
    <springProperty scope="context" name="path" source="logging.path"/>

    <appender name="console" class="ch.qos.logback.core.ConsoleAppender">
        <filter class="ch.qos.logback.classic.filter.ThresholdFilter">
            <level>debug</level>
        </filter>
        <encoder>
            <pattern>%date %level [%thread] %logger{36} [%file : %line] %msg%n
            </pattern>
        </encoder>
    </appender>

    <appender name="debug_file" class="ch.qos.logback.core.rolling.RollingFileAppender">
        <file>${path}/es_debug.log</file>
        <rollingPolicy class="ch.qos.logback.core.rolling.TimeBasedRollingPolicy">
            <fileNamePattern>${path}/es_debug.log.%d{yyyy-MM-dd}-%i.zip</fileNamePattern>
            <maxHistory>${maxHistory}</maxHistory>
            <timeBasedFileNamingAndTriggeringPolicy
                    class="ch.qos.logback.core.rolling.SizeAndTimeBasedFNATP">
                <maxFileSize>${maxFileSize}</maxFileSize>
            </timeBasedFileNamingAndTriggeringPolicy>
        </rollingPolicy>
        <encoder>
            <pattern>%date %level [%thread] %logger{36} [%file : %line] %msg%n
            </pattern>
        </encoder>
        <filter class="ch.qos.logback.classic.filter.LevelFilter">
            <level>DEBUG</level>
            <onMatch>ACCEPT</onMatch>
            <onMismatch>DENY</onMismatch>
        </filter>
    </appender>

    <appender name="info_file" class="ch.qos.logback.core.rolling.RollingFileAppender">
        <file>${path}/es_info.log</file>
        <rollingPolicy class="ch.qos.logback.core.rolling.TimeBasedRollingPolicy">
            <fileNamePattern>${path}/es_info.log.%d{yyyy-MM-dd}-%i.zip</fileNamePattern>
            <maxHistory>${maxHistory}</maxHistory>
            <timeBasedFileNamingAndTriggeringPolicy
                    class="ch.qos.logback.core.rolling.SizeAndTimeBasedFNATP">
                <maxFileSize>${maxFileSize}</maxFileSize>
            </timeBasedFileNamingAndTriggeringPolicy>
        </rollingPolicy>
        <encoder>
            <pattern>%date %level [%thread] %logger{36} [%file : %line] %msg%n
            </pattern>
        </encoder>
        <filter class="ch.qos.logback.classic.filter.LevelFilter">
            <level>INFO</level>
            <onMatch>ACCEPT</onMatch>
            <onMismatch>DENY</onMismatch>
        </filter>
    </appender>

    <appender name="warn_file" class="ch.qos.logback.core.rolling.RollingFileAppender">
        <file>${path}/es_warn.log</file>
        <rollingPolicy class="ch.qos.logback.core.rolling.TimeBasedRollingPolicy">
            <fileNamePattern>${path}/es_warn.log.%d{yyyy-MM-dd}-%i.zip</fileNamePattern>
            <maxHistory>${maxHistory}</maxHistory>
            <timeBasedFileNamingAndTriggeringPolicy
                    class="ch.qos.logback.core.rolling.SizeAndTimeBasedFNATP">
                <maxFileSize>${maxFileSize}</maxFileSize>
            </timeBasedFileNamingAndTriggeringPolicy>
        </rollingPolicy>
        <encoder>
            <pattern>%date %level [%thread] %logger{36} [%file : %line] %msg%n
            </pattern>
        </encoder>
        <filter class="ch.qos.logback.classic.filter.LevelFilter">
            <level>WARN</level>
            <onMatch>ACCEPT</onMatch>
            <onMismatch>DENY</onMismatch>
        </filter>
    </appender>

    <appender name="error_file" class="ch.qos.logback.core.rolling.RollingFileAppender">
        <file>${path}/es_error.log</file>
        <rollingPolicy class="ch.qos.logback.core.rolling.TimeBasedRollingPolicy">
            <fileNamePattern>${path}/es_error.log.%d{yyyy-MM-dd}-%i.zip</fileNamePattern>
            <maxHistory>${maxHistory}</maxHistory>
            <timeBasedFileNamingAndTriggeringPolicy
                    class="ch.qos.logback.core.rolling.SizeAndTimeBasedFNATP">
                <maxFileSize>${maxFileSize}</maxFileSize>
            </timeBasedFileNamingAndTriggeringPolicy>
        </rollingPolicy>
        <encoder>
            <pattern>%date %level [%thread] %logger{36} [%file : %line] %msg%n
            </pattern>
        </encoder>
        <filter class="ch.qos.logback.classic.filter.LevelFilter">
            <level>ERROR</level>
            <onMatch>ACCEPT</onMatch>
            <onMismatch>DENY</onMismatch>
        </filter>
    </appender>

    <appender name="search_file" class="ch.qos.logback.core.rolling.RollingFileAppender">
        <file>${path}/es_search.log</file>
        <rollingPolicy class="ch.qos.logback.core.rolling.TimeBasedRollingPolicy">
            <fileNamePattern>${path}/es_search.log.%d{yyyy-MM-dd}-%i.zip</fileNamePattern>
            <maxHistory>${maxHistory}</maxHistory>
            <timeBasedFileNamingAndTriggeringPolicy
                    class="ch.qos.logback.core.rolling.SizeAndTimeBasedFNATP">
                <maxFileSize>${maxFileSize}</maxFileSize>
            </timeBasedFileNamingAndTriggeringPolicy>
        </rollingPolicy>
        <encoder>
            <pattern>%date %level [%thread] %logger{36} [%file : %line] %msg%n
            </pattern>
        </encoder>
        <filter class="ch.qos.logback.classic.filter.LevelFilter">
            <level>INFO</level>
            <onMatch>ACCEPT</onMatch>
            <onMismatch>DENY</onMismatch>
        </filter>
    </appender>

    <root>
        <level value="info"/>
        <appender-ref ref="console"/>
        <appender-ref ref="debug_file"/>
        <appender-ref ref="info_file"/>
        <appender-ref ref="warn_file"/>
        <appender-ref ref="error_file"/>
    </root>

    <logger name="com.dayee.wintalent.elasticsearch.service.SearchService" level="info" additivity="false">
        <appender-ref ref="console"/>
        <appender-ref ref="search_file"/>
    </logger>

</configuration>