<?xml version="1.0" encoding="UTF-8"?>
<configuration>
    <!-- 文件输出格式 %d表示日期，%thread表示线程名，%-5level：级别从左显示5个字符宽度%msg：日志消息，%n是换行符-->
    <property name="COLOR_PATTERN" value="%red(%d{yyyy-MM-dd HH:mm:ss.SSS}) | -%highlight(%-5level) %green([%thread] %c [%L]) -| %cyan(%msg%n)" />

    <property name="PATTERN" value="%d{yyyy-MM-dd HH:mm:ss.SSS} | -%-5level [%thread] %c [%L] -| %msg%n" />

    <springProperty scope="context" name="LOGGING_FILE_PATH" source="logging.path" />
    <springProperty scope="context" name="LOGGING_LEVEL_ROOT" source="logging.level.root" />

    <appender name="FILE" class="ch.qos.logback.core.rolling.RollingFileAppender">
        <file>${LOGGING_FILE_PATH}/websocket.log</file>
        <rollingPolicy class="ch.qos.logback.core.rolling.TimeBasedRollingPolicy">
            <fileNamePattern>${LOGGING_FILE_PATH}/websocket.%d{yyyy-MM-dd}.%i.log.zip</fileNamePattern>
            <MaxHistory>30</MaxHistory>
            <timeBasedFileNamingAndTriggeringPolicy class="ch.qos.logback.core.rolling.SizeAndTimeBasedFNATP">
                <!--文件达到 最大128MB时会被压缩和切割 -->
                <maxFileSize>128MB</maxFileSize>
            </timeBasedFileNamingAndTriggeringPolicy>
        </rollingPolicy>
        <layout class="ch.qos.logback.classic.PatternLayout">
            <pattern>${PATTERN}</pattern>
        </layout>
    </appender>
    <appender name="CONSOLE" class="ch.qos.logback.core.ConsoleAppender">
        <encoder>
            <pattern>${COLOR_PATTERN}</pattern>
        </encoder>
    </appender>

    <!-- 生产环境配置 -->
    <springProfile name="prod">
        <root level="${LOGGING_LEVEL_ROOT}">
            <appender-ref ref="FILE"/>
            <appender-ref ref="CONSOLE" />
        </root>
    </springProfile>
    <springProfile name="sc">
        <root level="${LOGGING_LEVEL_ROOT}">
            <appender-ref ref="FILE"/>
            <appender-ref ref="CONSOLE" />
        </root>
    </springProfile>
    <springProfile name="bj">
        <root level="${LOGGING_LEVEL_ROOT}">
            <appender-ref ref="FILE"/>
            <appender-ref ref="CONSOLE" />
        </root>
    </springProfile>
    <springProfile name="dev">
        <root level="${LOGGING_LEVEL_ROOT}">
            <appender-ref ref="FILE"/>
            <appender-ref ref="CONSOLE" />
        </root>
    </springProfile>
    <springProfile name="dream9">
        <root level="${LOGGING_LEVEL_ROOT}">
            <appender-ref ref="FILE"/>
            <appender-ref ref="CONSOLE" />
        </root>
    </springProfile>
    <springProfile name="trunk">
        <root level="${LOGGING_LEVEL_ROOT}">
            <appender-ref ref="FILE"/>
            <appender-ref ref="CONSOLE" />
        </root>
    </springProfile>
    <springProfile name="current">
        <root level="${LOGGING_LEVEL_ROOT}">
            <appender-ref ref="FILE"/>
            <appender-ref ref="CONSOLE" />
        </root>
    </springProfile>
    <logger name="com.dayee.wintalent.websocket.dao" level="${LOGGING_LEVEL_ROOT}" />
    <logger name="org.springframework.scheduling" level="info"/>
    <logger name="org.springframework.boot.autoconfigure.logging.ConditionEvaluationReportLoggingListener" level="error"/>

</configuration>